{
    "train_val": 4309.992333889008,
    "test": 6.831852436065674
}