{
    "train_val": 4448.5684406757355,
    "test": 6.794925212860107
}